productId,productName
1,Product 1
2,Product 2
3,Product 3
4,Product 4
5,Product 5
6,Product 6
7,Product 7
8,Product 8
9,Product 9
10,
11,Product 11
12,Product 12
13,Product 13
14,Product 14
15,Product 15
16,Product 16
17,Product 17
18,Product 18
19,Product 19
20,Product 20
21,Product 21
22,Product 22
23,Product 23
24,Product 24
25,Product 25
26,Product 26
27,Product 27
28,Product 28
29,
30,Product 30
31,Product 31
32,Product 32
33,Product 33
34,Product 34
35,Product 35
36,Product 36
37,Product 37
38,Product 38
39,Product 39
40,Product 40
41,Product 41
42,Product 42
43,Product 43
44,Product 44
45,Product 45
46,Product 46
47,Product 47
48,Product 48
49,Product 49
50,Product 50
51,Product 51
52,Product 52
53,Product 53
54,Product 54
55,Product 55
56,Product 56
57,Product 57
58,Product 58
59,Product 59
60,Product 60
61,Product 61
62,Product 62
63,Product 63
64,Product 64
65,Product 65
66,Product 66
67,Product 67
68,Product 68
69,Product 69
70,Product 70
71,Product 71
72,Product 72
73,Product 73
74,Product 74
75,Product 75
76,Product 76
77,Product 77
78,Product 78
79,Product 79
80,Product 80
81,Product 81
82,Product 82
83,Product 83
84,Product 84
85,Product 85
86,Product 86
87,Product 87
88,Product 88
89,Product 89
90,Product 90
91,Product 91
92,Product 92
93,Product 93
94,Product 94
95,Product 95
96,Product 96
97,Product 97
98,Product 98
99,Product 99
100,Product 100